fecha ;PM10;PM2,5
1/12/2023 1:00;10.15;6.36
1/12/2023 2:00;11.9;6.97
1/12/2023 3:00;17.26;9.35
1/12/2023 4:00;21.73;14.35
1/12/2023 5:00;33.71;21.07
1/12/2023 6:00;30.66;14.52
1/12/2023 7:00;33.44;13.33
1/12/2023 8:00;28.86;14.09
1/12/2023 9:00;11.32;5.9
1/12/2023 10:00;6.81;3.8
1/12/2023 11:00;4.01;1.85
1/12/2023 12:00;3.87;1.82
1/12/2023 13:00;4.21;2.37
1/12/2023 14:00;4.66;2.48
1/12/2023 15:00;4.8;2.33
1/12/2023 16:00;8.06;3.11
1/12/2023 17:00;8.82;3.2
1/12/2023 18:00;7.94;2.97
1/12/2023 19:00;7.13;2.95
1/12/2023 20:00;5.67;2.61
1/12/2023 21:00;10.13;4.51
1/12/2023 22:00;9.99;3.97
1/12/2023 23:00;11.41;4.2
2/12/2023 0:00;8.0;3.47
2/12/2023 1:00;10.71;3.96
2/12/2023 2:00;14.61;6.65
2/12/2023 3:00;17.38;8.63
2/12/2023 4:00;24.27;13.01
2/12/2023 5:00;26.99;15.45
2/12/2023 6:00;29.67;12.6
2/12/2023 7:00;48.55;24.25
2/12/2023 8:00;18.43;8.87
2/12/2023 9:00;9.13;4.5
2/12/2023 10:00;8.31;4.51
2/12/2023 11:00;7.54;4.02
2/12/2023 12:00;4.72;2.57
2/12/2023 13:00;5.43;3.04
2/12/2023 14:00;5.6;3.32
2/12/2023 15:00;5.58;3.09
2/12/2023 16:00;6.98;3.19
2/12/2023 17:00;7.99;3.91
2/12/2023 18:00;7.95;4.03
2/12/2023 19:00;11.38;5.83
2/12/2023 20:00;11.27;6.03
2/12/2023 21:00;10.08;5.49
2/12/2023 22:00;9.74;5.25
2/12/2023 23:00;12.41;5.86
3/12/2023 0:00;14.7;6.96
3/12/2023 1:00;17.5;8.61
3/12/2023 2:00;15.89;8.64
3/12/2023 3:00;20.0;10.32
3/12/2023 4:00;18.35;9.82
3/12/2023 5:00;26.7;15.95
3/12/2023 6:00;25.25;16.02
3/12/2023 7:00;20.97;13.08
3/12/2023 8:00;22.49;13.65
3/12/2023 9:00;18.28;13.02
3/12/2023 10:00;16.6;12.51
3/12/2023 11:00;11.42;8.32
3/12/2023 12:00;7.52;5.3
3/12/2023 13:00;7.29;4.73
3/12/2023 14:00;6.66;4.19
3/12/2023 15:00;6.68;4.26
3/12/2023 16:00;6.7;3.77
3/12/2023 17:00;7.12;3.61
3/12/2023 18:00;7.05;3.56
3/12/2023 19:00;9.87;4.97
3/12/2023 20:00;8.45;4.53
3/12/2023 21:00;8.93;4.79
3/12/2023 22:00;9.55;5.09
3/12/2023 23:00;10.56;5.33
4/12/2023 0:00;11.47;6.58
4/12/2023 1:00;13.11;7.4
4/12/2023 2:00;16.13;7.66
4/12/2023 3:00;11.06;6.74
4/12/2023 4:00;13.16;7.81
4/12/2023 5:00;15.81;7.48
4/12/2023 6:00;22.3;10.1
4/12/2023 7:00;27.47;13.5
4/12/2023 8:00;19.25;11.07
4/12/2023 9:00;9.74;4.49
4/12/2023 10:00;5.62;2.96
4/12/2023 11:00;4.77;2.57
4/12/2023 12:00;5.28;2.84
4/12/2023 13:00;4.99;2.77
4/12/2023 14:00;4.43;2.38
4/12/2023 15:00;5.46;2.2
4/12/2023 16:00;7.06;2.76
4/12/2023 17:00;7.46;2.98
4/12/2023 18:00;7.77;3.48
4/12/2023 19:00;13.39;5.41
4/12/2023 20:00;11.33;4.76
4/12/2023 21:00;10.24;4.58
4/12/2023 22:00;16.29;5.84
4/12/2023 23:00;12.55;5.11
5/12/2023 0:00;15.01;6.25
5/12/2023 1:00;15.78;8.43
5/12/2023 2:00;18.47;9.91
5/12/2023 3:00;17.38;11.02
5/12/2023 4:00;13.22;9.61
5/12/2023 5:00;15.43;9.85
5/12/2023 6:00;12.26;8.99
5/12/2023 7:00;15.47;10.86
5/12/2023 8:00;27.45;15.84
5/12/2023 9:00;17.72;10.42
5/12/2023 10:00;4.87;2.56
5/12/2023 11:00;4.51;2.14
5/12/2023 12:00;4.49;2.16
5/12/2023 13:00;3.91;1.88
5/12/2023 14:00;4.24;1.89
5/12/2023 15:00;4.57;1.83
5/12/2023 16:00;5.77;1.86
5/12/2023 17:00;6.37;2.37
5/12/2023 18:00;6.83;2.53
5/12/2023 19:00;5.66;2.8
5/12/2023 20:00;6.29;3.29
5/12/2023 21:00;17.46;4.61
5/12/2023 22:00;9.61;3.75
5/12/2023 23:00;16.0;4.69
6/12/2023 0:00;21.24;6.4
6/12/2023 1:00;10.2;4.31
6/12/2023 2:00;11.22;5.13
6/12/2023 3:00;15.25;7.39
6/12/2023 4:00;9.87;5.17
6/12/2023 5:00;9.43;4.66
6/12/2023 6:00;18.14;6.02
6/12/2023 7:00;32.88;15.63
6/12/2023 8:00;20.89;10.83
6/12/2023 9:00;4.96;2.37
6/12/2023 10:00;4.94;2.13
6/12/2023 11:00;5.07;1.89
6/12/2023 12:00;3.72;1.55
6/12/2023 13:00;4.04;2.05
6/12/2023 14:00;4.44;1.75
6/12/2023 15:00;4.52;1.98
6/12/2023 16:00;4.11;1.51
6/12/2023 17:00;6.82;2.25
6/12/2023 18:00;7.88;2.39
6/12/2023 19:00;6.0;2.43
6/12/2023 20:00;9.92;4.12
6/12/2023 21:00;16.28;5.27
6/12/2023 22:00;8.84;4.08
6/12/2023 23:00;10.89;4.3
7/12/2023 0:00;6.98;3.44
7/12/2023 1:00;12.03;4.1
7/12/2023 2:00;16.59;6.16
7/12/2023 3:00;10.24;4.14
7/12/2023 4:00;16.16;6.15
7/12/2023 5:00;6.6;5.24
7/12/2023 6:00;11.06;8.93
7/12/2023 7:00;19.3;15.02
7/12/2023 8:00;13.16;10.37
7/12/2023 9:00;7.22;5.56
7/12/2023 10:00;7.72;6.24
7/12/2023 11:00;8.11;6.37
7/12/2023 12:00;7.47;5.87
7/12/2023 13:00;10.72;7.83
7/12/2023 14:00;10.2;7.25
7/12/2023 15:00;7.61;5.08
7/12/2023 16:00;9.0;6.28
7/12/2023 17:00;7.05;4.81
7/12/2023 18:00;8.61;5.67
7/12/2023 19:00;8.96;5.16
7/12/2023 20:00;10.22;5.74
7/12/2023 21:00;7.25;4.67
7/12/2023 22:00;7.65;4.85
7/12/2023 23:00;7.82;5.54
8/12/2023 0:00;8.72;6.33
8/12/2023 1:00;6.64;4.97
8/12/2023 2:00;6.06;4.46
8/12/2023 3:00;6.15;4.42
8/12/2023 4:00;8.08;5.77
8/12/2023 5:00;11.92;8.39
8/12/2023 6:00;11.39;7.37
8/12/2023 7:00;11.59;7.96
8/12/2023 8:00;7.68;5.06
8/12/2023 9:00;7.04;5.22
17/12/2023 7:00;7.85;5.91
17/12/2023 8:00;14.0;10.05
17/12/2023 9:00;22.49;17.61
17/12/2023 10:00;16.3;11.97
17/12/2023 11:00;10.65;6.46
17/12/2023 12:00;10.58;7.02
17/12/2023 13:00;11.29;7.29
17/12/2023 14:00;10.09;6.72
17/12/2023 15:00;15.8;9.38
17/12/2023 16:00;15.71;8.85
17/12/2023 17:00;12.63;6.4
17/12/2023 18:00;14.04;7.73
17/12/2023 19:00;11.49;5.95
17/12/2023 20:00;13.31;7.19
17/12/2023 21:00;14.41;6.98
17/12/2023 22:00;16.45;7.93
17/12/2023 23:00;10.02;5.88
18/12/2023 0:00;10.56;6.16
18/12/2023 1:00;10.21;6.65
18/12/2023 2:00;11.22;7.52
18/12/2023 3:00;8.4;5.78
18/12/2023 4:00;7.99;5.24
18/12/2023 5:00;8.13;5.24
18/12/2023 6:00;10.91;6.88
18/12/2023 7:00;16.74;10.17
18/12/2023 8:00;17.64;9.37
18/12/2023 9:00;16.93;9.77
18/12/2023 10:00;12.57;6.36
18/12/2023 11:00;11.01;6.13
18/12/2023 12:00;10.97;6.54
18/12/2023 13:00;9.97;5.8
18/12/2023 14:00;14.84;7.34
18/12/2023 15:00;14.07;7.52
18/12/2023 16:00;18.22;9.18
18/12/2023 17:00;17.46;10.66
18/12/2023 18:00;12.49;7.21
18/12/2023 19:00;22.77;10.47
18/12/2023 20:00;23.71;13.82
18/12/2023 21:00;25.53;12.3
18/12/2023 22:00;19.63;10.11
18/12/2023 23:00;14.68;6.99
19/12/2023 0:00;11.51;5.48
19/12/2023 1:00;10.56;5.77
19/12/2023 2:00;11.36;5.98
19/12/2023 3:00;11.97;6.79
19/12/2023 4:00;11.95;7.47
19/12/2023 5:00;11.44;7.37
19/12/2023 6:00;14.91;8.45
19/12/2023 7:00;15.99;8.39
19/12/2023 8:00;21.91;12.14
19/12/2023 9:00;20.87;12.22
19/12/2023 10:00;22.48;12.12
19/12/2023 11:00;14.61;7.68
19/12/2023 12:00;18.61;10.23
19/12/2023 13:00;14.54;8.16
19/12/2023 14:00;9.6;5.36
19/12/2023 15:00;11.67;6.46
19/12/2023 16:00;13.08;6.47
19/12/2023 18:00;12.19;6.61
19/12/2023 19:00;10.69;6.23
19/12/2023 20:00;16.91;7.94
19/12/2023 21:00;12.29;7.47
19/12/2023 22:00;12.06;6.28
19/12/2023 23:00;11.21;5.12
20/12/2023 0:00;12.77;5.38
20/12/2023 1:00;14.02;8.01
20/12/2023 2:00;10.86;6.1
20/12/2023 3:00;12.81;7.65
20/12/2023 4:00;12.4;7.13
20/12/2023 5:00;7.11;3.72
20/12/2023 6:00;16.02;5.79
20/12/2023 7:00;25.42;8.74
20/12/2023 8:00;31.47;11.54
20/12/2023 9:00;23.93;11.89
20/12/2023 10:00;18.43;8.54
20/12/2023 11:00;8.89;3.93
20/12/2023 12:00;10.48;4.59
20/12/2023 13:00;10.02;4.7
20/12/2023 14:00;8.41;4.45
20/12/2023 15:00;8.05;3.94
20/12/2023 16:00;8.64;4.06
20/12/2023 17:00;10.3;5.13
20/12/2023 18:00;12.64;5.11
20/12/2023 19:00;11.65;5.03
20/12/2023 20:00;21.08;8.8
20/12/2023 21:00;14.34;6.2
20/12/2023 22:00;23.45;9.38
20/12/2023 23:00;26.06;10.64
21/12/2023 0:00;22.84;9.18
21/12/2023 1:00;24.78;12.91
21/12/2023 2:00;19.8;11.43
21/12/2023 3:00;18.41;10.33
21/12/2023 4:00;22.84;13.01
21/12/2023 5:00;31.58;18.97
21/12/2023 6:00;40.98;20.41
21/12/2023 7:00;42.22;20.35
21/12/2023 8:00;40.87;17.33
21/12/2023 9:00;31.87;13.46
21/12/2023 10:00;13.47;7.11
21/12/2023 11:00;12.39;6.22
21/12/2023 12:00;11.34;5.88
21/12/2023 13:00;10.59;5.69
21/12/2023 14:00;9.24;4.94
21/12/2023 15:00;10.24;5.05
21/12/2023 16:00;14.98;7.38
21/12/2023 17:00;14.38;8.46
21/12/2023 18:00;16.85;9.19
21/12/2023 19:00;18.18;9.61
21/12/2023 20:00;21.39;9.75
21/12/2023 21:00;18.36;9.92
21/12/2023 22:00;19.04;10.13
21/12/2023 23:00;19.43;9.72
22/12/2023 0:00;18.22;9.47
22/12/2023 1:00;13.44;8.22
22/12/2023 2:00;17.14;10.14
22/12/2023 3:00;16.34;10.41
22/12/2023 4:00;14.5;9.3
22/12/2023 5:00;15.56;9.93
22/12/2023 6:00;24.87;12.41
22/12/2023 7:00;26.85;11.68
22/12/2023 8:00;37.52;14.04
22/12/2023 9:00;28.64;12.25
22/12/2023 10:00;19.69;9.35
22/12/2023 11:00;14.15;6.44
22/12/2023 12:00;12.3;5.68
22/12/2023 13:00;9.98;5.39
22/12/2023 14:00;12.31;6.19
22/12/2023 15:00;13.11;6.45
22/12/2023 16:00;14.39;6.79
22/12/2023 17:00;15.13;6.17
22/12/2023 18:00;16.53;6.98
22/12/2023 19:00;17.66;7.77
22/12/2023 20:00;21.68;8.96
22/12/2023 21:00;17.6;8.44
22/12/2023 22:00;20.23;9.37
22/12/2023 23:00;15.21;8.48
23/12/2023 0:00;16.29;8.86
23/12/2023 1:00;19.59;9.25
23/12/2023 2:00;23.28;10.97
23/12/2023 3:00;22.63;11.41
23/12/2023 4:00;26.43;14.36
23/12/2023 5:00;34.68;17.55
23/12/2023 6:00;31.85;17.67
23/12/2023 7:00;35.46;22.76
23/12/2023 8:00;29.42;19.95
23/12/2023 9:00;32.69;17.9
23/12/2023 10:00;18.83;9.54
23/12/2023 11:00;13.67;7.49
23/12/2023 12:00;13.5;6.76
23/12/2023 13:00;11.68;5.92
23/12/2023 14:00;9.81;4.81
23/12/2023 15:00;7.42;3.64
23/12/2023 16:00;6.96;3.86
23/12/2023 17:00;6.89;3.56
23/12/2023 18:00;12.54;5.07
23/12/2023 19:00;17.23;6.9
23/12/2023 20:00;19.12;7.54
23/12/2023 21:00;15.81;7.91
23/12/2023 22:00;28.11;10.56
23/12/2023 23:00;18.44;8.39
24/12/2023 0:00;48.69;15.71
24/12/2023 1:00;25.25;10.78
24/12/2023 2:00;21.33;8.98
24/12/2023 3:00;14.37;6.62
24/12/2023 4:00;17.87;8.34
24/12/2023 5:00;15.59;8.36
24/12/2023 6:00;23.49;12.19
24/12/2023 7:00;26.71;13.02
24/12/2023 8:00;27.44;13.56
24/12/2023 9:00;19.27;11.64
24/12/2023 10:00;13.44;7.82
24/12/2023 11:00;7.31;3.74
24/12/2023 12:00;7.1;3.29
24/12/2023 13:00;7.12;3.07
24/12/2023 14:00;7.18;3.55
24/12/2023 15:00;7.84;3.87
24/12/2023 16:00;6.23;3.31
24/12/2023 17:00;8.77;3.72
24/12/2023 18:00;9.84;4.38
24/12/2023 19:00;15.2;6.83
24/12/2023 20:00;19.19;11.0
24/12/2023 21:00;31.1;22.31
24/12/2023 22:00;25.28;16.45
24/12/2023 23:00;24.88;16.46
25/12/2023 0:00;24.88;19.03
25/12/2023 1:00;26.02;18.77
25/12/2023 2:00;29.84;22.7
25/12/2023 3:00;31.93;24.61
25/12/2023 4:00;27.38;20.76
25/12/2023 5:00;32.64;24.58
25/12/2023 6:00;22.91;17.12
25/12/2023 7:00;29.33;18.21
25/12/2023 8:00;25.74;17.28
25/12/2023 9:00;23.82;16.07
25/12/2023 10:00;11.03;7.63
25/12/2023 11:00;7.81;4.75
25/12/2023 12:00;6.12;3.36
25/12/2023 13:00;4.95;2.63
25/12/2023 14:00;5.07;2.97
25/12/2023 15:00;5.4;3.1
25/12/2023 16:00;5.34;3.04
25/12/2023 17:00;6.89;3.36
25/12/2023 18:00;9.17;3.86
25/12/2023 19:00;10.39;3.79
25/12/2023 20:00;9.25;3.53
25/12/2023 21:00;10.16;3.96
25/12/2023 22:00;8.25;2.81
25/12/2023 23:00;5.4;2.17
26/12/2023 0:00;4.69;1.93
26/12/2023 1:00;4.74;2.47
26/12/2023 2:00;5.44;2.55
26/12/2023 3:00;9.31;4.24
26/12/2023 4:00;12.2;4.76
26/12/2023 5:00;14.62;5.41
26/12/2023 6:00;18.65;6.32
26/12/2023 7:00;16.18;6.89
26/12/2023 8:00;21.4;6.35
26/12/2023 9:00;14.38;5.03
26/12/2023 10:00;12.65;4.11
26/12/2023 11:00;13.03;4.23
26/12/2023 12:00;10.65;3.44
26/12/2023 13:00;10.72;3.59
26/12/2023 14:00;8.82;3.18
26/12/2023 15:00;10.75;3.32
26/12/2023 16:00;10.82;2.98
26/12/2023 17:00;10.71;3.1
26/12/2023 18:00;12.39;3.45
26/12/2023 19:00;7.98;2.77
26/12/2023 20:00;9.58;3.92
26/12/2023 21:00;7.97;2.27
26/12/2023 22:00;7.78;2.39
26/12/2023 23:00;10.75;3.19
27/12/2023 0:00;4.93;1.93
27/12/2023 1:00;5.4;2.2
27/12/2023 2:00;10.23;3.96
27/12/2023 3:00;10.06;4.18
27/12/2023 4:00;15.96;5.56
27/12/2023 5:00;12.8;4.43
27/12/2023 6:00;23.26;7.69
27/12/2023 7:00;22.01;8.53
27/12/2023 8:00;31.24;11.2
27/12/2023 9:00;18.1;7.71
27/12/2023 10:00;26.41;9.54
27/12/2023 11:00;10.9;4.61
27/12/2023 12:00;15.91;5.74
27/12/2023 13:00;7.99;2.72
27/12/2023 14:00;8.5;2.8
27/12/2023 15:00;8.2;2.54
27/12/2023 16:00;10.31;2.71
27/12/2023 17:00;10.37;3.25
27/12/2023 18:00;21.02;6.9
27/12/2023 19:00;14.54;5.65
27/12/2023 20:00;23.7;8.38
27/12/2023 21:00;23.75;10.37
27/12/2023 22:00;25.34;10.37
27/12/2023 23:00;20.94;9.56
28/12/2023 0:00;17.06;8.51
28/12/2023 1:00;15.11;8.26
28/12/2023 2:00;17.25;8.88
28/12/2023 3:00;15.7;9.03
28/12/2023 4:00;18.36;9.78
28/12/2023 5:00;23.17;11.95
28/12/2023 6:00;25.34;12.18
28/12/2023 7:00;39.82;17.82
28/12/2023 8:00;31.4;15.87
28/12/2023 9:00;28.58;13.25
28/12/2023 11:00;13.55;7.57
28/12/2023 12:00;14.2;8.25
28/12/2023 13:00;8.89;5.3
28/12/2023 14:00;6.95;3.95
28/12/2023 15:00;5.96;2.93
28/12/2023 16:00;10.36;4.33
28/12/2023 17:00;12.58;6.01
28/12/2023 20:00;8.17;3.59
28/12/2023 21:00;11.43;4.62
28/12/2023 22:00;15.7;5.08
28/12/2023 23:00;14.41;5.29
29/12/2023 0:00;15.31;6.27
29/12/2023 1:00;8.43;4.33
29/12/2023 2:00;10.67;4.94
29/12/2023 3:00;8.64;4.35
29/12/2023 4:00;9.07;4.42
29/12/2023 5:00;11.53;5.03
29/12/2023 6:00;28.41;9.77
29/12/2023 7:00;35.49;11.25
29/12/2023 8:00;31.18;12.8
29/12/2023 9:00;30.27;13.33
29/12/2023 10:00;24.66;10.16
29/12/2023 11:00;11.36;5.1
29/12/2023 12:00;11.95;5.62
29/12/2023 13:00;10.78;4.54
29/12/2023 14:00;10.09;4.12
29/12/2023 15:00;8.97;3.48
29/12/2023 16:00;11.2;4.93
29/12/2023 17:00;15.15;8.15
29/12/2023 18:00;11.04;6.06
29/12/2023 19:00;15.2;7.65
29/12/2023 20:00;14.65;7.6
29/12/2023 21:00;18.04;11.17
29/12/2023 22:00;16.79;11.29
29/12/2023 23:00;13.3;7.09
30/12/2023 0:00;11.72;6.29
30/12/2023 1:00;11.71;6.07
30/12/2023 2:00;15.69;6.99
30/12/2023 3:00;17.11;7.98
30/12/2023 4:00;24.95;9.14
30/12/2023 5:00;21.62;9.14
30/12/2023 6:00;25.5;11.74
30/12/2023 7:00;34.95;13.51
30/12/2023 8:00;36.03;14.52
30/12/2023 9:00;22.02;10.08
30/12/2023 10:00;13.56;6.6
30/12/2023 11:00;10.41;4.9
30/12/2023 12:00;10.8;5.0
30/12/2023 13:00;8.52;4.33
30/12/2023 14:00;9.89;5.37
30/12/2023 15:00;11.08;6.28
30/12/2023 16:00;9.01;4.94
30/12/2023 17:00;11.51;5.28
30/12/2023 18:00;12.87;5.78
30/12/2023 19:00;10.2;6.71
30/12/2023 20:00;10.1;7.13
30/12/2023 21:00;13.29;8.38
30/12/2023 22:00;13.58;7.04
30/12/2023 23:00;10.84;7.08
31/12/2023 0:00;14.62;9.1
31/12/2023 1:00;16.94;11.5
31/12/2023 2:00;12.33;9.26
31/12/2023 3:00;12.67;9.08
31/12/2023 4:00;13.59;9.16
31/12/2023 5:00;12.49;8.21
31/12/2023 6:00;18.76;11.03
31/12/2023 7:00;17.12;10.39
31/12/2023 8:00;15.73;11.12
31/12/2023 9:00;14.32;9.2
31/12/2023 10:00;13.04;8.16
31/12/2023 11:00;10.15;6.6
31/12/2023 12:00;11.52;7.88
31/12/2023 13:00;9.59;5.31
31/12/2023 14:00;8.67;4.93
31/12/2023 15:00;9.55;5.35
31/12/2023 17:00;5.81;4.05
31/12/2023 18:00;9.91;7.23
31/12/2023 19:00;13.77;10.08
31/12/2023 20:00;22.55;16.59
31/12/2023 21:00;28.47;21.88
31/12/2023 22:00;25.26;19.13
1/01/2024 0:00;27.55;20.29
1/01/2024 1:00;67.19;56.28
1/01/2024 2:00;71.75;62.03
1/01/2024 3:00;52.91;43.87
1/01/2024 4:00;42.56;35.35
1/01/2024 5:00;46.34;38.11
1/01/2024 6:00;41.93;34.29
1/01/2024 7:00;42.41;33.58
1/01/2024 8:00;42.44;35.99
1/01/2024 9:00;39.42;34.66
1/01/2024 10:00;24.69;20.82
1/01/2024 11:00;10.14;7.5
1/01/2024 12:00;5.97;3.71
1/01/2024 13:00;6.07;4.25
1/01/2024 14:00;5.6;3.88
1/01/2024 15:00;5.01;3.2
1/01/2024 16:00;4.64;3.0
1/01/2024 17:00;5.83;3.52
1/01/2024 18:00;9.02;4.96
1/01/2024 19:00;11.92;6.72
1/01/2024 20:00;13.41;8.14
1/01/2024 21:00;16.47;10.22
1/01/2024 22:00;14.58;9.02
1/01/2024 23:00;12.68;7.79
2/01/2024 0:00;11.57;7.73
2/01/2024 1:00;12.26;8.57
2/01/2024 2:00;13.83;9.39
2/01/2024 3:00;14.38;10.01
2/01/2024 4:00;14.69;9.06
2/01/2024 5:00;14.68;10.16
2/01/2024 6:00;17.18;11.64
2/01/2024 7:00;19.19;12.4
2/01/2024 8:00;18.6;10.49
2/01/2024 9:00;23.27;13.51
2/01/2024 10:00;15.63;9.88
2/01/2024 11:00;13.8;8.1
2/01/2024 12:00;12.07;6.97
2/01/2024 13:00;10.12;5.6
2/01/2024 14:00;8.5;4.4
2/01/2024 15:00;8.37;4.02
2/01/2024 16:00;9.34;4.46
2/01/2024 17:00;11.93;5.06
2/01/2024 18:00;13.19;7.47
2/01/2024 19:00;14.2;7.54
2/01/2024 20:00;15.41;8.1
2/01/2024 21:00;15.79;8.08
2/01/2024 22:00;14.71;7.54
2/01/2024 23:00;19.91;8.68
3/01/2024 0:00;16.23;9.27
3/01/2024 1:00;11.57;6.29
3/01/2024 2:00;10.12;5.96
3/01/2024 3:00;14.39;7.26
3/01/2024 4:00;15.58;8.98
3/01/2024 5:00;13.54;8.29
3/01/2024 6:00;35.91;15.27
3/01/2024 7:00;45.18;19.19
3/01/2024 8:00;39.82;14.77
3/01/2024 9:00;29.77;15.08
3/01/2024 10:00;19.43;9.67
3/01/2024 11:00;12.91;5.98
3/01/2024 12:00;10.73;5.15
3/01/2024 13:00;10.11;4.81
3/01/2024 14:00;10.1;5.04
3/01/2024 15:00;8.95;4.25
3/01/2024 16:00;9.95;3.93
3/01/2024 17:00;12.99;5.34
3/01/2024 18:00;11.69;4.98
3/01/2024 19:00;14.6;6.3
3/01/2024 20:00;12.99;6.05
3/01/2024 21:00;15.25;6.27
3/01/2024 22:00;14.4;6.01
3/01/2024 23:00;12.3;5.23
4/01/2024 0:00;11.11;4.89
4/01/2024 1:00;8.52;3.93
4/01/2024 2:00;6.2;3.02
4/01/2024 3:00;12.65;5.19
4/01/2024 4:00;8.69;4.2
4/01/2024 5:00;18.65;7.88
4/01/2024 6:00;31.54;11.27
4/01/2024 7:00;37.9;14.47
4/01/2024 8:00;58.76;20.08
4/01/2024 9:00;45.76;18.39
4/01/2024 10:00;27.77;10.82
4/01/2024 11:00;15.14;6.1
4/01/2024 12:00;12.93;5.02
4/01/2024 13:00;11.74;4.66
4/01/2024 14:00;9.12;3.48
4/01/2024 15:00;7.82;2.77
4/01/2024 16:00;8.85;3.6
4/01/2024 17:00;9.74;4.38
4/01/2024 18:00;12.15;4.97
4/01/2024 19:00;12.42;5.85
4/01/2024 20:00;17.06;8.16
4/01/2024 21:00;16.21;8.3
4/01/2024 22:00;15.57;6.89
4/01/2024 23:00;15.06;7.21
5/01/2024 0:00;13.38;6.62
5/01/2024 1:00;9.39;5.33
5/01/2024 2:00;12.71;6.6
5/01/2024 3:00;16.28;7.66
5/01/2024 4:00;12.96;7.43
5/01/2024 5:00;18.39;9.12
5/01/2024 6:00;19.39;9.18
5/01/2024 7:00;32.83;11.93
5/01/2024 8:00;48.55;15.16
5/01/2024 9:00;34.21;14.86
5/01/2024 10:00;24.52;12.11
5/01/2024 11:00;20.45;10.53
5/01/2024 12:00;14.32;7.26
5/01/2024 13:00;9.73;4.98
5/01/2024 14:00;9.9;4.8
5/01/2024 15:00;11.89;5.59
5/01/2024 16:00;12.92;6.1
5/01/2024 17:00;14.75;6.73
5/01/2024 18:00;13.09;6.74
5/01/2024 19:00;17.08;7.74
5/01/2024 20:00;19.68;8.46
5/01/2024 21:00;19.75;9.25
5/01/2024 22:00;18.95;9.15
5/01/2024 23:00;16.14;8.39
6/01/2024 0:00;14.48;8.1
6/01/2024 1:00;21.21;9.71
6/01/2024 2:00;15.24;8.68
6/01/2024 3:00;21.18;10.98
6/01/2024 4:00;15.34;9.12
6/01/2024 5:00;21.66;10.91
6/01/2024 6:00;41.58;17.8
6/01/2024 7:00;53.22;23.14
6/01/2024 8:00;39.45;23.41
6/01/2024 9:00;32.02;19.41
6/01/2024 10:00;38.36;17.99
6/01/2024 11:00;17.13;7.61
6/01/2024 12:00;11.67;5.0
6/01/2024 13:00;9.51;3.39
6/01/2024 14:00;8.74;2.92
6/01/2024 15:00;7.16;3.43
6/01/2024 16:00;8.82;3.93
6/01/2024 17:00;7.92;3.53
6/01/2024 18:00;12.87;5.87
6/01/2024 19:00;18.7;8.0
6/01/2024 20:00;19.42;7.11
6/01/2024 21:00;12.36;5.81
6/01/2024 22:00;10.99;4.86
6/01/2024 23:00;25.51;8.18
7/01/2024 0:00;19.12;6.88
7/01/2024 1:00;11.99;5.87
7/01/2024 2:00;17.82;7.41
7/01/2024 3:00;17.0;7.78
7/01/2024 4:00;14.41;5.79
7/01/2024 5:00;21.16;7.83
7/01/2024 6:00;18.18;8.43
7/01/2024 7:00;26.15;13.12
7/01/2024 8:00;50.49;30.73
7/01/2024 9:00;33.24;18.7
7/01/2024 10:00;14.79;8.28
7/01/2024 11:00;7.98;4.42
7/01/2024 12:00;6.69;3.05
7/01/2024 13:00;6.91;3.23
7/01/2024 14:00;6.84;3.64
7/01/2024 15:00;8.01;4.24
7/01/2024 16:00;7.15;4.15
7/01/2024 17:00;10.25;5.91
7/01/2024 18:00;14.28;6.9
7/01/2024 19:00;17.56;8.36
7/01/2024 20:00;19.94;13.01
7/01/2024 21:00;17.04;8.55
7/01/2024 22:00;13.29;6.69
7/01/2024 23:00;9.88;6.16
8/01/2024 0:00;9.86;6.05
8/01/2024 1:00;10.22;6.09
8/01/2024 2:00;14.0;7.66
8/01/2024 3:00;16.4;8.2
8/01/2024 4:00;16.2;7.96
8/01/2024 5:00;20.23;9.9
8/01/2024 6:00;21.22;10.88
8/01/2024 7:00;26.32;13.39
8/01/2024 8:00;18.08;11.1
8/01/2024 9:00;20.13;12.93
8/01/2024 10:00;18.62;11.0
8/01/2024 11:00;6.62;4.14
8/01/2024 12:00;8.12;4.89
8/01/2024 13:00;8.34;4.37
8/01/2024 14:00;6.72;3.6
8/01/2024 15:00;8.21;4.36
8/01/2024 16:00;8.84;4.6
8/01/2024 17:00;10.1;4.3
8/01/2024 18:00;12.47;5.27
8/01/2024 19:00;15.98;6.82
8/01/2024 20:00;18.49;8.26
8/01/2024 21:00;15.65;7.3
8/01/2024 22:00;16.14;7.49
8/01/2024 23:00;18.3;8.18
9/01/2024 0:00;12.39;7.35
9/01/2024 1:00;26.15;9.82
9/01/2024 2:00;21.55;9.86
9/01/2024 3:00;15.5;8.62
9/01/2024 4:00;24.39;12.22
9/01/2024 5:00;26.59;13.06
9/01/2024 6:00;29.01;14.56
9/01/2024 7:00;32.65;16.66
9/01/2024 8:00;60.07;27.55
9/01/2024 9:00;55.07;22.55
9/01/2024 10:00;37.4;14.86
9/01/2024 11:00;19.9;6.87
9/01/2024 12:00;10.3;3.81
9/01/2024 13:00;9.71;3.55
9/01/2024 14:00;12.75;5.02
9/01/2024 15:00;9.77;3.78
9/01/2024 16:00;9.55;3.88
9/01/2024 17:00;12.09;4.36
9/01/2024 18:00;18.61;6.16
9/01/2024 19:00;16.67;5.98
9/01/2024 20:00;15.52;6.04
9/01/2024 21:00;17.25;7.33
9/01/2024 22:00;17.26;7.02
9/01/2024 23:00;16.76;6.98
10/01/2024 0:00;13.42;6.61
10/01/2024 1:00;32.42;10.16
10/01/2024 2:00;31.49;11.14
10/01/2024 3:00;27.54;12.53
10/01/2024 4:00;21.79;11.24
10/01/2024 5:00;39.72;16.76
10/01/2024 6:00;41.93;18.23
10/01/2024 7:00;47.53;20.26
10/01/2024 8:00;52.53;20.6
10/01/2024 9:00;50.67;17.43
10/01/2024 10:00;22.79;9.1
10/01/2024 11:00;15.37;6.14
10/01/2024 12:00;13.4;4.73
10/01/2024 13:00;7.21;2.69
10/01/2024 14:00;10.04;3.15
10/01/2024 15:00;12.88;3.46
10/01/2024 16:00;9.55;2.57
10/01/2024 17:00;12.49;3.4
10/01/2024 17:00;8.41;2.72
10/01/2024 18:00;14.61;3.94
10/01/2024 19:00;18.37;5.7
10/01/2024 20:00;16.07;5.59
10/01/2024 21:00;20.69;7.32
10/01/2024 22:00;13.54;5.15
10/01/2024 23:00;18.09;5.97
11/01/2024 0:00;22.53;7.3
11/01/2024 1:00;16.18;5.48
11/01/2024 2:00;18.37;5.82
11/01/2024 3:00;12.91;5.36
11/01/2024 4:00;19.98;5.88
11/01/2024 5:00;22.45;8.53
11/01/2024 6:00;47.65;14.64
11/01/2024 7:00;71.39;19.78
11/01/2024 8:00;49.0;14.35
11/01/2024 9:00;14.83;5.33
11/01/2024 10:00;10.46;3.31
11/01/2024 11:00;10.2;3.48
11/01/2024 12:00;12.09;3.65
11/01/2024 12:59;9.79;3.37
11/01/2024 13:59;10.27;3.43
11/01/2024 14:59;8.06;3.12
11/01/2024 16:00;16.26;7.08
11/01/2024 17:00;17.79;9.33
11/01/2024 18:00;20.66;10.57
11/01/2024 19:00;23.18;12.29
11/01/2024 20:00;14.15;8.44
11/01/2024 21:00;15.7;8.79
11/01/2024 22:00;16.92;9.38
11/01/2024 23:00;17.04;9.9
12/01/2024 0:00;16.56;9.87
12/01/2024 1:00;17.9;9.96
12/01/2024 2:00;23.18;10.86
12/01/2024 3:00;23.72;11.51
12/01/2024 4:00;21.73;10.91
12/01/2024 5:00;28.05;12.76
12/01/2024 6:00;32.39;17.63
12/01/2024 7:00;35.89;15.72
12/01/2024 8:00;40.05;15.86
12/01/2024 9:00;24.82;12.64
12/01/2024 10:00;16.75;10.18
12/01/2024 11:00;19.18;9.25
12/01/2024 12:00;12.54;4.71
12/01/2024 12:59;7.84;3.55
12/01/2024 13:59;8.15;3.69
12/01/2024 14:59;11.06;4.06
12/01/2024 16:00;13.39;5.36
12/01/2024 17:00;16.35;6.91
12/01/2024 18:00;16.05;7.53
12/01/2024 19:00;19.04;9.35
12/01/2024 20:00;17.05;11.64
12/01/2024 21:00;17.52;10.47
12/01/2024 22:00;17.08;9.53
12/01/2024 23:00;24.25;11.82
13/01/2024 0:00;26.87;12.99
13/01/2024 1:00;22.89;12.21
13/01/2024 2:00;30.69;12.95
13/01/2024 3:00;20.76;10.73
13/01/2024 4:00;12.92;8.22
13/01/2024 5:00;30.86;12.31
13/01/2024 6:00;30.06;12.05
13/01/2024 7:00;62.47;19.09
13/01/2024 8:00;36.12;15.9
13/01/2024 8:59;24.8;12.49
13/01/2024 9:59;21.53;10.76
13/01/2024 10:59;14.2;8.41
13/01/2024 11:59;13.45;7.72
13/01/2024 12:59;14.3;6.92
13/01/2024 13:59;23.29;11.07
13/01/2024 15:00;16.79;9.8
13/01/2024 15:59;16.09;9.43
13/01/2024 16:59;16.16;9.45
13/01/2024 18:00;16.29;10.47
13/01/2024 19:00;19.21;11.67
13/01/2024 20:00;19.93;10.33
13/01/2024 20:59;17.65;9.43
13/01/2024 22:00;20.14;10.95
13/01/2024 22:59;18.92;10.63
14/01/2024 0:00;16.51;10.66
14/01/2024 1:00;18.4;11.89
14/01/2024 2:00;19.1;11.96
14/01/2024 3:00;24.73;13.47
14/01/2024 4:00;25.96;13.83
14/01/2024 5:00;26.16;14.67
14/01/2024 6:00;28.34;16.1
14/01/2024 7:00;41.8;18.98
14/01/2024 8:00;33.27;17.91
14/01/2024 8:59;16.2;10.43
14/01/2024 9:59;13.83;9.12
14/01/2024 11:00;9.51;6.06
14/01/2024 12:00;7.8;5.24
14/01/2024 13:00;8.47;5.01
14/01/2024 14:00;10.39;5.94
14/01/2024 15:00;12.05;5.93
14/01/2024 16:00;13.14;6.15
14/01/2024 17:00;14.71;6.98
14/01/2024 18:00;16.16;7.33
14/01/2024 19:00;16.62;7.79
14/01/2024 20:00;19.03;8.91
14/01/2024 21:00;19.76;9.11
14/01/2024 22:00;17.0;9.18
14/01/2024 23:00;18.08;9.78
15/01/2024 0:00;16.4;9.3
15/01/2024 1:00;18.68;10.47
15/01/2024 2:00;26.05;11.74
15/01/2024 3:00;20.94;11.19
15/01/2024 4:00;19.55;11.35
15/01/2024 5:00;16.29;8.89
15/01/2024 6:00;55.76;19.31
15/01/2024 7:00;53.28;19.16
15/01/2024 8:00;59.99;19.3
15/01/2024 8:59;21.83;7.9
15/01/2024 9:59;10.61;3.92
15/01/2024 11:00;10.64;3.57
15/01/2024 12:00;11.99;3.78
15/01/2024 12:59;12.48;3.78
15/01/2024 13:59;10.81;3.12
15/01/2024 14:59;9.2;3.1
15/01/2024 16:00;10.05;2.92
15/01/2024 17:00;13.67;3.38
15/01/2024 18:00;16.62;4.23
15/01/2024 19:00;14.31;4.36
15/01/2024 20:00;10.62;3.84
15/01/2024 21:00;11.9;5.14
15/01/2024 22:00;9.96;5.68
15/01/2024 23:00;7.32;4.69
16/01/2024 0:00;9.93;5.12
16/01/2024 1:00;23.23;9.14
16/01/2024 2:00;16.78;8.52
16/01/2024 3:00;13.19;7.28
16/01/2024 4:00;19.67;8.23
16/01/2024 5:00;28.94;11.38
16/01/2024 6:00;39.52;14.92
16/01/2024 7:00;66.06;22.31
16/01/2024 8:00;55.73;17.16
16/01/2024 8:59;18.41;6.77
16/01/2024 9:59;10.17;3.23
16/01/2024 10:59;10.81;2.76
16/01/2024 11:59;9.76;2.86
16/01/2024 12:59;9.4;2.95
16/01/2024 13:59;9.5;3.2
16/01/2024 14:59;9.44;3.28
16/01/2024 15:59;8.83;3.55
16/01/2024 16:59;14.47;4.65
16/01/2024 17:59;24.88;7.48
16/01/2024 18:59;16.46;5.37
16/01/2024 19:59;14.71;5.77
16/01/2024 20:59;12.63;5.72
16/01/2024 21:59;10.48;5.37
16/01/2024 22:59;14.03;5.7
16/01/2024 23:59;17.2;6.71
17/01/2024 0:59;11.3;5.42
17/01/2024 1:59;20.13;7.85
17/01/2024 2:59;21.34;9.71
17/01/2024 3:59;31.65;14.18
17/01/2024 4:59;43.08;15.36
17/01/2024 5:59;70.93;23.58
17/01/2024 6:59;71.55;20.61
17/01/2024 7:59;55.1;18.53
17/01/2024 8:59;22.44;8.05
17/01/2024 9:59;13.69;4.24
17/01/2024 10:59;14.06;4.09
17/01/2024 11:59;13.01;3.66
17/01/2024 12:59;12.39;4.11
17/01/2024 13:59;13.38;3.92
17/01/2024 14:59;17.43;3.92
17/01/2024 15:59;14.39;2.94
17/01/2024 16:59;13.72;3.32
17/01/2024 17:59;20.81;4.82
17/01/2024 18:59;20.07;5.5
17/01/2024 19:59;18.01;5.8
17/01/2024 20:59;30.33;10.66
17/01/2024 21:59;26.13;9.92
17/01/2024 22:59;18.64;7.38
17/01/2024 23:59;19.73;10.46
18/01/2024 0:59;17.94;11.79
18/01/2024 1:59;13.54;8.87
18/01/2024 2:59;13.36;7.87
18/01/2024 3:59;16.68;8.52
18/01/2024 4:59;32.58;12.49
18/01/2024 5:59;52.86;16.02
18/01/2024 6:59;35.06;11.16
18/01/2024 7:59;23.41;7.94
18/01/2024 8:59;12.6;4.02
18/01/2024 9:59;14.53;3.91
18/01/2024 10:59;11.85;3.39
18/01/2024 11:59;10.84;3.15
18/01/2024 12:59;14.85;3.75
18/01/2024 13:59;20.8;4.28
18/01/2024 14:59;16.53;3.69
18/01/2024 15:59;17.21;3.6
18/01/2024 16:59;17.67;4.31
18/01/2024 17:59;20.79;5.45
18/01/2024 18:59;18.99;6.17
18/01/2024 19:59;15.42;6.29
18/01/2024 20:59;11.93;5.83
18/01/2024 21:59;19.51;7.87
18/01/2024 22:59;8.35;4.19
18/01/2024 23:59;7.55;4.11
19/01/2024 0:59;17.1;7.14
19/01/2024 1:59;6.11;3.22
19/01/2024 2:59;14.49;6.05
19/01/2024 3:59;23.36;8.9
19/01/2024 4:59;22.75;10.0
19/01/2024 5:59;28.34;9.69
19/01/2024 6:59;78.78;25.37
19/01/2024 7:59;60.37;16.45
19/01/2024 8:59;16.19;5.7
19/01/2024 9:59;14.31;5.28
19/01/2024 10:59;11.38;4.15
19/01/2024 11:59;10.22;3.36
19/01/2024 12:59;8.34;2.98
19/01/2024 13:59;20.28;5.54
19/01/2024 14:59;11.01;3.34
19/01/2024 15:59;11.71;3.75
19/01/2024 16:59;15.78;4.48
19/01/2024 17:59;23.74;6.62
19/01/2024 18:59;16.9;5.72
19/01/2024 19:59;19.47;7.72
19/01/2024 20:59;21.38;8.43
19/01/2024 21:59;14.33;7.36
19/01/2024 22:59;13.69;7.33
19/01/2024 23:59;42.9;14.53
20/01/2024 0:59;30.23;12.02
20/01/2024 1:59;26.72;12.1
20/01/2024 2:59;27.89;13.26
20/01/2024 3:59;39.27;19.2
20/01/2024 4:59;30.92;17.5
20/01/2024 5:59;33.6;18.05
20/01/2024 6:59;48.86;19.3
20/01/2024 7:59;38.76;15.34
20/01/2024 8:59;38.55;12.41
20/01/2024 9:59;22.79;8.58
20/01/2024 10:59;16.15;6.0
20/01/2024 11:59;9.18;2.63
20/01/2024 12:59;6.42;2.16
20/01/2024 13:59;8.5;2.59
20/01/2024 14:59;9.51;2.92
20/01/2024 15:59;6.37;2.37
20/01/2024 16:59;14.33;4.28
20/01/2024 17:59;15.83;4.94
20/01/2024 18:59;15.84;6.02
20/01/2024 19:59;19.06;8.78
20/01/2024 20:59;18.18;8.3
20/01/2024 21:59;17.63;9.22
20/01/2024 22:59;13.34;7.2
20/01/2024 23:59;27.52;12.66
21/01/2024 0:59;23.09;14.28
21/01/2024 1:59;23.97;13.81
21/01/2024 2:59;20.98;12.1
21/01/2024 3:59;15.96;9.75
21/01/2024 4:59;10.4;6.63
21/01/2024 5:59;6.14;3.59
21/01/2024 6:59;5.05;3.33
21/01/2024 7:59;7.54;4.05
21/01/2024 8:59;6.51;3.63
21/01/2024 9:59;6.83;3.53
21/01/2024 10:59;7.11;3.95
21/01/2024 11:59;7.99;4.06
21/01/2024 12:59;6.59;3.53
21/01/2024 13:59;6.81;3.84
21/01/2024 14:59;7.99;3.84
21/01/2024 15:59;7.69;3.77
21/01/2024 16:59;10.09;4.51
21/01/2024 17:59;14.22;5.75
21/01/2024 18:59;15.63;7.05
21/01/2024 19:59;16.23;7.95
21/01/2024 20:59;18.33;9.75
21/01/2024 21:59;16.09;9.22
21/01/2024 22:59;11.22;7.06
21/01/2024 23:59;10.23;6.42
22/01/2024 0:59;13.35;8.39
22/01/2024 1:59;9.79;6.65
22/01/2024 2:59;8.65;5.21
22/01/2024 3:59;14.6;6.54
22/01/2024 4:59;21.88;6.48
22/01/2024 5:59;19.07;6.25
22/01/2024 6:59;32.1;8.95
22/01/2024 7:59;22.51;6.1
22/01/2024 8:59;15.69;3.27
22/01/2024 9:59;11.8;2.31
22/01/2024 10:59;14.2;2.62
22/01/2024 11:59;12.63;2.46
22/01/2024 12:59;9.06;2.42
22/01/2024 13:59;10.0;2.71
22/01/2024 14:59;11.2;3.05
22/01/2024 15:59;6.92;2.58
22/01/2024 16:59;7.97;2.87
22/01/2024 17:59;23.54;5.5
22/01/2024 18:59;24.01;6.66
22/01/2024 19:59;20.8;6.96
22/01/2024 20:59;21.81;7.87
22/01/2024 21:59;17.2;6.83
22/01/2024 22:59;22.33;7.57
22/01/2024 23:59;21.24;7.63
23/01/2024 0:59;24.57;8.92
23/01/2024 1:59;24.02;10.75
23/01/2024 2:59;20.3;10.25
23/01/2024 3:59;26.78;14.46
23/01/2024 4:59;33.65;15.4
23/01/2024 5:59;46.76;17.99
23/01/2024 6:59;68.32;23.29
23/01/2024 7:59;46.98;12.34
23/01/2024 8:59;12.96;2.71
23/01/2024 9:59;16.7;2.95
23/01/2024 10:59;16.24;3.06
23/01/2024 11:59;16.09;3.35
23/01/2024 12:59;16.17;7.26
23/01/2024 13:59;16.37;8.17
23/01/2024 14:59;15.84;5.6
23/01/2024 15:59;12.48;3.5
23/01/2024 16:59;11.95;3.99
23/01/2024 17:59;16.66;5.34
23/01/2024 18:59;25.89;9.62
23/01/2024 19:59;21.63;8.7
23/01/2024 20:59;14.2;6.81
23/01/2024 21:59;14.89;9.2
23/01/2024 22:59;13.53;9.58
23/01/2024 23:59;18.01;11.05
24/01/2024 0:59;19.93;12.06
24/01/2024 1:59;20.7;14.62
24/01/2024 2:59;24.34;17.58
24/01/2024 3:59;28.14;18.14
24/01/2024 4:59;27.61;14.65
24/01/2024 5:59;52.64;23.89
24/01/2024 6:59;66.17;28.45
24/01/2024 7:59;64.86;24.5
24/01/2024 8:59;21.61;11.11
24/01/2024 9:59;26.12;17.48
24/01/2024 10:59;28.21;19.08
24/01/2024 11:59;35.44;26.98
24/01/2024 12:59;32.62;24.66
24/01/2024 13:59;36.51;27.7
24/01/2024 14:59;12.4;3.29
24/01/2024 15:59;13.76;3.75
24/01/2024 16:59;12.77;3.29
24/01/2024 17:59;15.93;4.38
24/01/2024 18:59;23.13;7.33
24/01/2024 19:59;15.11;6.36
24/01/2024 20:59;12.79;6.66
24/01/2024 21:59;17.94;8.79
24/01/2024 22:59;21.98;12.56
24/01/2024 23:59;23.6;15.67
25/01/2024 0:59;11.69;7.85
25/01/2024 1:59;33.73;21.37
25/01/2024 2:59;27.59;16.62
25/01/2024 3:59;40.04;24.3
25/01/2024 4:59;56.66;31.05
25/01/2024 5:59;55.26;27.71
25/01/2024 6:59;59.33;35.05
25/01/2024 7:59;79.52;52.23
25/01/2024 8:59;121.69;82.01
25/01/2024 9:59;63.54;44.14
25/01/2024 10:59;37.64;26.99
25/01/2024 11:59;29.12;17.16
25/01/2024 12:59;22.2;11.75
25/01/2024 13:59;21.52;13.78
25/01/2024 14:59;20.36;13.05
25/01/2024 15:59;15.75;7.4
25/01/2024 16:59;21.51;7.05
25/01/2024 18:00;21.67;7.45
25/01/2024 19:00;21.36;7.92
25/01/2024 20:00;21.96;7.31
25/01/2024 20:59;21.87;8.13
25/01/2024 21:59;23.61;9.22
25/01/2024 22:59;25.81;11.32
25/01/2024 23:59;42.12;23.64
26/01/2024 0:59;105.3;75.44
26/01/2024 1:59;131.38;104.15
26/01/2024 2:59;99.51;75.66
26/01/2024 3:59;93.06;68.81
26/01/2024 4:59;96.94;67.53
26/01/2024 5:59;99.66;63.33
26/01/2024 6:59;111.49;62.21
26/01/2024 7:59;101.91;52.74
26/01/2024 8:59;52.75;31.24
26/01/2024 9:59;33.26;22.67
26/01/2024 10:59;34.27;20.04
26/01/2024 11:59;24.89;12.82
26/01/2024 12:59;16.38;7.82
26/01/2024 13:59;17.32;7.22
26/01/2024 14:59;19.27;7.71
26/01/2024 15:59;18.3;6.58
26/01/2024 16:59;22.56;7.24
26/01/2024 17:59;21.82;7.67
26/01/2024 18:59;27.45;10.99
26/01/2024 19:59;26.38;11.0
26/01/2024 20:59;24.7;10.32
26/01/2024 21:59;23.2;10.49
26/01/2024 22:59;19.62;9.97
26/01/2024 23:59;33.72;17.53
27/01/2024 0:59;54.32;33.5
27/01/2024 1:59;61.17;36.58
27/01/2024 2:59;56.09;37.27
27/01/2024 3:59;69.2;48.02
27/01/2024 4:59;84.44;50.44
27/01/2024 5:59;77.34;47.0
27/01/2024 6:59;101.52;51.62
27/01/2024 7:59;88.73;42.79
27/01/2024 8:59;44.12;23.42
27/01/2024 9:59;24.64;14.92
27/01/2024 10:59;25.09;14.15
27/01/2024 11:59;18.72;9.43
27/01/2024 12:59;17.75;8.16
27/01/2024 13:59;21.29;10.2
27/01/2024 14:59;19.7;10.4
27/01/2024 15:59;20.84;11.37
27/01/2024 16:59;24.8;13.08
27/01/2024 17:59;22.95;13.84
27/01/2024 18:59;28.73;15.83
27/01/2024 19:59;33.66;17.24
27/01/2024 20:59;53.48;23.61
27/01/2024 21:59;30.74;17.2
27/01/2024 22:59;33.19;20.43
27/01/2024 23:59;38.59;22.4
28/01/2024 0:59;35.6;22.06
28/01/2024 1:59;31.27;20.17
28/01/2024 2:59;39.9;25.18
28/01/2024 3:59;43.55;30.4
28/01/2024 4:59;46.51;34.02
28/01/2024 5:59;48.37;31.12
28/01/2024 6:59;47.98;29.27
28/01/2024 7:59;40.04;25.44
28/01/2024 8:59;29.32;20.25
28/01/2024 9:59;19.35;14.22
28/01/2024 10:59;18.39;13.21
28/01/2024 11:59;18.42;12.47
28/01/2024 12:59;18.87;11.41
28/01/2024 13:59;18.4;10.84
28/01/2024 14:59;19.85;11.15
28/01/2024 15:59;18.99;10.99
28/01/2024 16:59;21.9;11.19
28/01/2024 18:59;13.06;9.03
28/01/2024 19:59;16.11;10.15
28/01/2024 20:59;17.3;10.82
28/01/2024 21:59;18.28;12.03
28/01/2024 22:59;18.42;12.58
28/01/2024 23:59;17.94;12.43
29/01/2024 0:59;17.66;12.34
29/01/2024 1:59;16.67;12.39
29/01/2024 2:59;16.12;12.16
29/01/2024 3:59;18.92;12.8
29/01/2024 4:59;18.69;11.49
29/01/2024 5:59;19.63;11.86
29/01/2024 6:59;22.58;11.78
29/01/2024 7:59;18.51;10.36
29/01/2024 8:59;15.3;9.2
29/01/2024 9:59;15.84;9.84
29/01/2024 10:59;11.8;6.26
29/01/2024 11:59;9.16;3.75
29/01/2024 12:59;8.06;3.5
29/01/2024 13:59;10.03;4.28
29/01/2024 14:59;26.23;11.34
29/01/2024 15:59;27.28;11.84
29/01/2024 16:59;28.55;12.23
29/01/2024 17:59;25.05;10.67
29/01/2024 18:59;18.73;9.73
29/01/2024 19:59;23.5;13.25
29/01/2024 20:59;26.94;16.67
29/01/2024 21:59;22.88;15.32
29/01/2024 22:59;24.66;16.73
29/01/2024 23:59;22.48;15.8
30/01/2024 0:59;18.49;13.04
30/01/2024 1:59;19.12;13.62
30/01/2024 2:59;23.01;16.03
30/01/2024 3:59;31.94;19.46
30/01/2024 4:59;46.17;24.65
30/01/2024 5:59;43.42;24.99
30/01/2024 6:59;35.18;25.72
30/01/2024 7:59;54.84;36.01
30/01/2024 8:59;64.04;41.33
30/01/2024 9:59;23.53;13.84
30/01/2024 10:59;17.52;10.41
30/01/2024 11:59;17.87;10.42
30/01/2024 12:59;14.59;8.65
30/01/2024 13:59;10.43;5.83
30/01/2024 14:59;18.62;8.5
30/01/2024 15:59;23.86;11.25
30/01/2024 16:59;26.73;11.69
30/01/2024 17:59;24.1;10.74
30/01/2024 18:59;22.01;11.38
30/01/2024 19:59;22.06;12.85
30/01/2024 20:59;25.52;14.26
30/01/2024 21:59;24.67;16.29
30/01/2024 22:59;18.69;12.45
30/01/2024 23:59;18.73;13.93
31/01/2024 0:59;19.5;13.58
31/01/2024 1:59;26.85;16.39
31/01/2024 2:59;35.56;21.0
31/01/2024 3:59;41.76;25.06
31/01/2024 4:59;52.46;31.15
31/01/2024 5:59;62.57;31.21
31/01/2024 6:59;63.46;32.21
31/01/2024 7:59;53.21;29.68
31/01/2024 8:59;58.88;32.63
31/01/2024 9:59;23.42;12.09
31/01/2024 10:59;13.3;6.36
31/01/2024 11:59;14.28;8.01
31/01/2024 12:59;13.03;6.81
31/01/2024 13:59;13.53;6.59
31/01/2024 14:59;15.03;6.82
31/01/2024 15:59;17.56;9.24
31/01/2024 16:59;20.63;13.4
31/01/2024 17:59;25.77;16.26
31/01/2024 18:59;22.22;14.77
31/01/2024 19:59;13.17;9.55
31/01/2024 20:59;15.28;8.9
31/01/2024 21:59;15.74;9.59
31/01/2024 22:59;16.44;10.33
31/01/2024 23:59;12.53;9.12
1/02/2024 0:59;11.43;8.22
1/02/2024 1:59;8.13;6.09
1/02/2024 2:59;15.08;9.04
1/02/2024 3:59;13.56;8.37
1/02/2024 4:59;27.36;12.96
1/02/2024 5:59;26.41;13.78
1/02/2024 6:59;38.17;16.55
1/02/2024 7:59;36.58;17.31
1/02/2024 8:59;28.19;15.2
1/02/2024 9:59;16.48;9.16
1/02/2024 10:59;15.38;7.55
1/02/2024 11:59;11.37;6.25
1/02/2024 12:59;12.55;6.98
1/02/2024 13:59;12.91;6.91
1/02/2024 14:59;12.96;6.71
1/02/2024 15:59;22.16;11.87
1/02/2024 16:59;23.1;13.55
1/02/2024 17:59;25.78;14.45
1/02/2024 18:59;26.31;14.14
1/02/2024 19:59;25.47;13.09
1/02/2024 20:59;24.57;13.37
1/02/2024 21:59;18.21;10.65
1/02/2024 22:59;16.78;10.2
1/02/2024 23:59;17.59;10.68
2/02/2024 0:59;15.38;9.66
2/02/2024 1:59;17.67;11.13
2/02/2024 2:59;15.91;10.05
2/02/2024 3:59;16.68;10.73
2/02/2024 4:59;17.21;10.34
2/02/2024 5:59;28.22;13.78
2/02/2024 6:59;39.78;19.35
2/02/2024 7:59;22.99;12.97
2/02/2024 8:59;19.54;8.97
2/02/2024 9:59;19.02;7.31
2/02/2024 10:59;15.34;7.0
2/02/2024 11:59;14.2;6.3
2/02/2024 12:59;11.84;5.69
2/02/2024 13:59;12.64;6.03
2/02/2024 14:59;10.51;4.4
2/02/2024 15:59;12.66;4.71
2/02/2024 16:59;20.43;7.94
2/02/2024 17:59;24.73;12.58
2/02/2024 18:59;21.04;12.16
2/02/2024 19:59;19.15;11.41
2/02/2024 20:59;19.33;11.95
2/02/2024 21:59;16.25;10.96
2/02/2024 22:59;14.97;9.73
2/02/2024 23:59;15.29;9.37
3/02/2024 0:59;16.4;8.16
3/02/2024 1:59;21.56;10.35
3/02/2024 2:59;23.22;12.09
3/02/2024 3:59;24.29;13.1
3/02/2024 4:59;24.02;12.33
3/02/2024 5:59;27.54;15.04
3/02/2024 6:59;32.23;17.65
3/02/2024 7:59;31.29;16.5
3/02/2024 8:59;18.45;10.9
3/02/2024 9:59;16.51;9.65
3/02/2024 10:59;14.8;8.72
3/02/2024 11:59;13.08;7.22
3/02/2024 12:59;7.95;4.03
3/02/2024 13:59;7.74;4.1
3/02/2024 15:59;6.26;4.77
3/02/2024 16:59;7.49;5.63
3/02/2024 17:59;8.02;5.63
3/02/2024 18:59;10.93;6.77
3/02/2024 19:59;17.9;8.7
3/02/2024 20:59;21.02;10.27
3/02/2024 21:59;16.12;7.91
3/02/2024 22:59;16.6;7.65
3/02/2024 23:59;14.25;6.92
4/02/2024 0:59;9.62;5.86
4/02/2024 1:59;7.65;5.64
4/02/2024 3:59;3.1;1.52
4/02/2024 4:59;4.01;2.52
4/02/2024 5:59;9.19;5.66
4/02/2024 6:59;10.97;6.05
4/02/2024 7:59;13.81;5.91
4/02/2024 8:59;16.49;7.82
4/02/2024 9:59;8.58;5.41
4/02/2024 10:59;7.03;4.11
4/02/2024 11:59;4.74;2.39
4/02/2024 12:59;6.27;2.8
4/02/2024 13:59;6.02;2.34
4/02/2024 14:59;5.05;2.12
4/02/2024 15:59;5.47;2.07
4/02/2024 16:59;6.31;2.58
4/02/2024 17:59;8.34;3.47
4/02/2024 18:59;9.17;3.62
4/02/2024 19:59;10.68;4.05
4/02/2024 20:59;12.4;4.53
4/02/2024 21:59;11.95;4.38
4/02/2024 22:59;12.83;4.94
4/02/2024 23:59;9.04;4.03
5/02/2024 0:59;5.96;2.68
5/02/2024 1:59;4.94;2.43
5/02/2024 2:59;8.53;3.92
5/02/2024 3:59;9.16;4.01
5/02/2024 4:59;16.15;6.07
5/02/2024 5:59;11.91;4.69
5/02/2024 6:59;14.4;6.47
5/02/2024 7:59;13.99;6.21
5/02/2024 8:59;16.3;7.34
5/02/2024 9:59;10.75;5.27
5/02/2024 10:59;13.61;5.94
5/02/2024 11:59;12.56;4.57
5/02/2024 12:59;8.69;3.7
5/02/2024 13:59;14.66;9.14
5/02/2024 14:59;8.32;4.92
5/02/2024 15:59;7.04;3.65
5/02/2024 16:59;6.81;2.69
5/02/2024 17:59;4.67;1.48
5/02/2024 18:59;7.05;2.42
5/02/2024 19:59;9.64;3.09
5/02/2024 20:59;9.93;4.03
5/02/2024 21:59;11.19;5.42
5/02/2024 22:59;11.48;5.94
5/02/2024 23:59;11.56;5.64
6/02/2024 0:59;19.32;8.32
6/02/2024 1:59;16.39;8.2
6/02/2024 2:59;15.0;7.87
6/02/2024 3:59;13.25;7.27
6/02/2024 4:59;12.4;6.68
6/02/2024 5:59;11.76;6.09
6/02/2024 6:59;21.46;8.3
6/02/2024 7:59;15.74;6.11
6/02/2024 8:59;8.98;3.86
6/02/2024 9:59;14.29;5.93
6/02/2024 10:59;17.74;8.44
6/02/2024 11:59;12.36;4.75
6/02/2024 12:59;6.74;2.31
6/02/2024 14:59;8.4;2.36
6/02/2024 15:59;10.2;2.73
6/02/2024 16:59;13.63;4.41
6/02/2024 17:59;12.39;4.13
6/02/2024 18:59;14.14;5.14
6/02/2024 19:59;14.48;8.1
6/02/2024 20:59;18.08;9.0
6/02/2024 21:59;17.39;9.27
6/02/2024 22:59;17.97;9.01
6/02/2024 23:59;21.17;10.82
7/02/2024 0:59;19.54;9.03
7/02/2024 1:59;22.63;9.31
7/02/2024 2:59;27.39;11.79
7/02/2024 3:59;20.57;13.24
7/02/2024 4:59;13.07;8.84
7/02/2024 5:59;19.34;11.18
7/02/2024 6:59;19.04;9.34
7/02/2024 7:59;19.36;8.52
7/02/2024 8:59;9.41;3.45
7/02/2024 9:59;7.94;3.09
7/02/2024 10:59;7.1;2.41
7/02/2024 11:59;8.09;2.69
7/02/2024 12:59;8.58;3.18
7/02/2024 13:59;6.3;2.53
7/02/2024 14:59;10.25;3.09
7/02/2024 15:59;8.82;2.94
7/02/2024 16:59;10.38;3.63
7/02/2024 17:59;17.9;7.04
7/02/2024 18:59;20.53;7.65
7/02/2024 19:59;11.7;4.62
7/02/2024 20:59;20.7;6.91
7/02/2024 21:59;18.3;6.61
7/02/2024 22:59;15.92;6.33
7/02/2024 23:59;9.96;4.4
8/02/2024 0:59;11.41;5.28
8/02/2024 1:59;22.1;11.55
8/02/2024 2:59;22.23;13.82
8/02/2024 3:59;19.27;10.99
8/02/2024 4:59;48.27;22.75
8/02/2024 5:59;44.86;27.86
8/02/2024 6:59;38.0;22.36
8/02/2024 7:59;32.89;18.74
8/02/2024 8:59;42.51;19.53
8/02/2024 9:59;11.4;5.78
8/02/2024 10:59;14.4;6.14
8/02/2024 11:59;10.61;4.79
8/02/2024 12:59;12.6;5.49
8/02/2024 13:59;13.36;5.93
8/02/2024 14:59;11.51;4.69
8/02/2024 15:59;11.86;4.2
8/02/2024 16:59;10.9;3.83
8/02/2024 17:59;18.9;6.46
8/02/2024 18:59;19.91;9.43
8/02/2024 19:59;22.91;11.79
8/02/2024 20:59;14.64;6.04
8/02/2024 21:59;24.68;10.03
8/02/2024 22:59;16.85;5.75
8/02/2024 23:59;13.66;5.75
9/02/2024 0:59;14.86;7.53
9/02/2024 1:59;17.49;6.86
9/02/2024 2:59;11.71;5.54
9/02/2024 3:59;19.64;9.29
9/02/2024 4:59;13.9;8.28
9/02/2024 5:59;9.99;4.29
9/02/2024 6:59;9.8;3.83
9/02/2024 7:59;11.11;3.52
9/02/2024 8:59;9.75;3.13
9/02/2024 9:59;11.49;3.88
9/02/2024 10:59;12.36;3.45
9/02/2024 11:59;15.61;4.0
9/02/2024 12:59;16.33;3.59
9/02/2024 13:59;6.37;1.97
9/02/2024 14:59;11.5;2.86
9/02/2024 15:59;9.69;2.52
9/02/2024 16:59;10.66;2.68
9/02/2024 17:59;11.61;3.45
9/02/2024 18:59;12.12;4.17
9/02/2024 19:59;12.62;4.4
9/02/2024 20:59;9.84;3.88
9/02/2024 21:59;8.97;3.97
9/02/2024 22:59;11.64;4.25
9/02/2024 23:59;6.8;3.59
10/02/2024 0:59;7.16;4.16
10/02/2024 1:59;6.97;4.64
10/02/2024 2:59;6.16;4.28
10/02/2024 3:59;12.01;7.0
10/02/2024 4:59;15.24;7.35
10/02/2024 5:59;15.58;7.14
10/02/2024 6:59;17.43;8.03
10/02/2024 7:59;11.56;4.88
10/02/2024 8:59;10.07;3.63
10/02/2024 9:59;12.75;3.79
10/02/2024 10:59;9.34;2.97
10/02/2024 11:59;10.04;2.98
10/02/2024 12:59;8.51;3.16
10/02/2024 13:59;7.89;3.02
10/02/2024 14:59;4.68;2.92
10/02/2024 15:59;8.03;3.32
10/02/2024 16:59;9.39;3.26
10/02/2024 17:59;10.63;3.93
10/02/2024 18:59;13.76;4.84
10/02/2024 19:59;11.63;4.57
10/02/2024 20:59;12.99;6.35
10/02/2024 21:59;8.84;4.66
10/02/2024 22:59;4.62;2.47
10/02/2024 23:59;6.99;3.83
11/02/2024 0:59;15.4;5.92
11/02/2024 1:59;10.89;5.11
11/02/2024 2:59;6.89;3.34
11/02/2024 3:59;16.71;8.22
11/02/2024 4:59;18.77;9.18
11/02/2024 5:59;19.95;9.7
11/02/2024 6:59;27.03;11.01
11/02/2024 7:59;31.43;12.51
11/02/2024 8:59;13.14;6.52
11/02/2024 9:59;6.86;3.61
11/02/2024 10:59;5.76;2.7
11/02/2024 11:59;4.93;2.47
11/02/2024 12:59;5.17;2.76
11/02/2024 13:59;4.99;2.61
11/02/2024 14:59;6.55;3.36
11/02/2024 15:59;4.82;2.38
11/02/2024 16:59;9.38;3.2
11/02/2024 17:59;13.04;4.48
11/02/2024 18:59;12.1;4.45
11/02/2024 19:59;10.88;4.39
11/02/2024 20:59;14.68;5.61
11/02/2024 21:59;12.82;5.66
11/02/2024 22:59;12.77;6.07
11/02/2024 23:59;13.78;6.36
12/02/2024 0:59;14.57;6.43
12/02/2024 1:59;14.84;7.05
12/02/2024 2:59;19.42;8.49
12/02/2024 3:59;17.52;7.68
12/02/2024 4:59;20.36;8.71
12/02/2024 5:59;40.05;13.69
12/02/2024 6:59;60.99;20.93
12/02/2024 7:59;58.95;21.76
12/02/2024 8:59;27.83;11.17
12/02/2024 9:59;12.11;4.83
12/02/2024 10:59;9.95;4.04
12/02/2024 11:59;8.85;3.24
12/02/2024 12:59;7.92;3.09
12/02/2024 13:59;7.44;2.64
12/02/2024 14:59;7.76;2.77
12/02/2024 15:59;9.44;3.41
12/02/2024 16:59;14.8;6.13
12/02/2024 17:59;17.43;7.27
12/02/2024 18:59;19.41;8.81
12/02/2024 19:59;18.97;8.78
12/02/2024 20:59;19.9;9.17
12/02/2024 21:59;17.39;8.68
12/02/2024 22:59;16.23;8.92
12/02/2024 23:59;16.07;8.71
13/02/2024 0:59;19.73;9.25
13/02/2024 1:59;26.24;11.08
13/02/2024 2:59;25.96;11.75
13/02/2024 3:59;39.45;18.21
13/02/2024 4:59;32.78;18.58
13/02/2024 5:59;75.29;27.02
13/02/2024 6:59;86.59;26.92
13/02/2024 7:59;63.64;24.1
13/02/2024 8:59;25.03;13.86
13/02/2024 9:59;26.25;13.39
13/02/2024 10:59;21.17;9.9
13/02/2024 11:59;12.18;5.71
13/02/2024 12:59;9.76;4.68
13/02/2024 13:59;12.95;5.3
13/02/2024 14:59;15.45;6.02
13/02/2024 15:59;14.61;5.84
13/02/2024 16:59;18.18;6.5
13/02/2024 17:59;26.16;8.69
13/02/2024 18:59;22.25;8.91
13/02/2024 19:59;19.98;8.72
13/02/2024 20:59;21.51;9.27
13/02/2024 21:59;18.44;10.0
13/02/2024 22:59;21.59;10.55
13/02/2024 23:59;21.54;10.91
14/02/2024 0:59;23.9;11.44
14/02/2024 1:59;19.19;10.43
14/02/2024 2:59;21.45;12.58
14/02/2024 3:59;25.34;16.22
14/02/2024 4:59;26.31;12.87
14/02/2024 5:59;29.7;14.28
14/02/2024 6:59;31.72;13.4
14/02/2024 7:59;29.49;10.27
14/02/2024 8:59;12.32;4.71
14/02/2024 9:59;9.63;3.88
14/02/2024 10:59;13.53;4.94
14/02/2024 11:59;11.36;4.98
14/02/2024 12:59;14.35;5.7
14/02/2024 13:59;21.3;7.13
14/02/2024 14:59;18.52;7.33
14/02/2024 15:59;22.27;8.13
14/02/2024 16:59;23.16;8.34
14/02/2024 17:59;24.55;8.68
14/02/2024 18:59;23.9;9.09
14/02/2024 19:59;40.28;13.9
14/02/2024 20:59;36.43;15.99
14/02/2024 21:59;34.01;14.91
14/02/2024 22:59;24.43;11.6
14/02/2024 23:59;24.2;12.07
15/02/2024 0:59;20.51;11.99
15/02/2024 1:59;23.56;12.51
15/02/2024 2:59;26.2;14.06
15/02/2024 3:59;24.95;13.79
15/02/2024 4:59;27.63;13.35
15/02/2024 5:59;41.64;14.84
15/02/2024 6:59;34.37;12.15
15/02/2024 7:59;21.78;8.63
15/02/2024 8:59;20.37;8.27
15/02/2024 9:59;18.13;6.88
15/02/2024 10:59;19.77;6.97
15/02/2024 11:59;17.73;6.85
15/02/2024 12:59;12.96;4.87
15/02/2024 13:59;12.56;4.71
15/02/2024 14:59;13.91;5.01
15/02/2024 15:59;15.08;5.64
15/02/2024 16:59;20.66;7.23
15/02/2024 17:59;21.38;8.21
15/02/2024 18:59;19.64;7.98
15/02/2024 19:59;19.9;7.76
15/02/2024 20:59;17.97;7.99
15/02/2024 21:59;17.63;8.26
15/02/2024 22:59;18.92;9.53
15/02/2024 23:59;13.15;7.64
16/02/2024 0:59;7.55;4.31
16/02/2024 1:59;11.11;5.03
16/02/2024 2:59;13.7;6.75
16/02/2024 3:59;21.94;12.5
16/02/2024 4:59;29.27;14.91
16/02/2024 5:59;27.0;13.39
16/02/2024 6:59;25.14;9.78
16/02/2024 7:59;21.65;7.27
16/02/2024 8:59;16.86;5.3
16/02/2024 9:59;17.85;6.0
16/02/2024 10:59;14.19;4.91
16/02/2024 11:59;11.45;3.69
16/02/2024 13:59;9.55;3.3
16/02/2024 14:59;16.31;4.06
16/02/2024 15:59;12.73;3.39
16/02/2024 16:59;10.59;2.97
16/02/2024 17:59;12.74;3.05
16/02/2024 18:59;9.15;2.38
16/02/2024 19:59;10.31;3.06
16/02/2024 20:59;7.93;2.8
16/02/2024 21:59;6.59;2.73
16/02/2024 22:59;7.09;3.11
16/02/2024 23:59;11.39;5.68
17/02/2024 0:59;7.92;4.7
17/02/2024 1:59;5.49;3.49
17/02/2024 2:59;7.68;5.07
17/02/2024 3:59;8.18;5.34
17/02/2024 4:59;8.48;4.78
17/02/2024 5:59;17.95;8.32
17/02/2024 6:59;12.23;5.93
17/02/2024 7:59;15.76;6.28
17/02/2024 8:59;16.95;6.4
17/02/2024 9:59;16.13;4.65
17/02/2024 10:59;16.97;5.68
17/02/2024 11:59;11.46;5.15
17/02/2024 12:59;8.99;4.28
17/02/2024 13:59;10.64;5.4
17/02/2024 14:59;12.63;6.53
17/02/2024 15:59;10.91;5.54
17/02/2024 16:59;8.64;4.33
17/02/2024 17:59;13.89;5.66
17/02/2024 18:59;14.89;6.51
17/02/2024 19:59;16.85;8.45
17/02/2024 20:59;10.97;6.5
17/02/2024 21:59;7.93;4.17
17/02/2024 22:59;17.84;7.69
17/02/2024 23:59;13.35;5.89
18/02/2024 0:59;9.7;4.45
18/02/2024 1:59;12.26;5.81
18/02/2024 2:59;23.85;10.13
18/02/2024 3:59;25.15;10.6
18/02/2024 4:59;26.85;12.01
18/02/2024 5:59;28.66;14.09
18/02/2024 6:59;27.78;15.08
18/02/2024 7:59;24.2;14.24
18/02/2024 8:59;23.13;12.84
18/02/2024 9:59;9.46;5.82
18/02/2024 10:59;7.71;4.2
18/02/2024 11:59;7.43;4.22
18/02/2024 12:59;7.95;4.41
18/02/2024 13:59;7.89;4.23
18/02/2024 14:59;8.4;4.12
18/02/2024 15:59;8.36;4.26
18/02/2024 16:59;11.15;5.04
18/02/2024 17:59;13.73;5.81
18/02/2024 18:59;13.95;6.15
18/02/2024 19:59;15.33;6.95
18/02/2024 20:59;16.25;7.44
18/02/2024 21:59;15.99;7.01
18/02/2024 22:59;16.58;7.69
18/02/2024 23:59;11.48;6.5
19/02/2024 0:59;13.29;6.98
19/02/2024 1:59;20.19;8.61
19/02/2024 2:59;19.66;9.25
19/02/2024 3:59;22.49;11.28
19/02/2024 4:59;36.62;17.28
19/02/2024 5:59;52.11;19.78
19/02/2024 6:59;89.49;28.32
19/02/2024 7:59;63.31;27.82
19/02/2024 8:59;37.9;17.12
19/02/2024 9:59;19.36;9.92
19/02/2024 10:59;18.3;8.39
19/02/2024 11:59;16.68;7.23
19/02/2024 12:59;14.32;6.44
19/02/2024 13:59;13.6;6.3
19/02/2024 14:59;11.69;5.99
19/02/2024 15:59;12.23;6.32
19/02/2024 17:59;10.1;6.18
19/02/2024 18:59;10.94;6.43
19/02/2024 19:59;13.34;6.95
19/02/2024 20:59;10.97;6.01
19/02/2024 21:59;10.91;6.18
19/02/2024 22:59;11.93;6.79
19/02/2024 23:59;16.48;9.2
20/02/2024 0:59;12.88;7.75
20/02/2024 1:59;13.94;8.52
20/02/2024 2:59;17.41;9.58
20/02/2024 3:59;21.11;10.42
20/02/2024 4:59;37.42;15.09
20/02/2024 5:59;44.38;18.34
20/02/2024 6:59;60.71;26.93
20/02/2024 7:59;41.02;22.59
20/02/2024 8:59;23.39;14.59
20/02/2024 9:59;27.17;14.19
20/02/2024 10:59;21.61;11.27
20/02/2024 11:59;13.13;6.68
20/02/2024 12:59;12.33;6.08
20/02/2024 13:59;11.81;5.85
20/02/2024 14:59;8.18;4.43
20/02/2024 15:59;7.87;4.06
20/02/2024 16:59;7.37;3.37
20/02/2024 17:59;10.66;4.46
20/02/2024 18:59;8.54;4.62
20/02/2024 19:59;8.89;4.68
20/02/2024 20:59;11.11;5.12
20/02/2024 21:59;8.98;4.52
20/02/2024 22:59;8.12;4.13
20/02/2024 23:59;17.16;7.0
21/02/2024 0:59;16.63;7.24
21/02/2024 1:59;15.62;7.18
21/02/2024 2:59;16.07;7.59
21/02/2024 3:59;18.28;7.86
21/02/2024 4:59;46.71;14.78
21/02/2024 5:59;68.01;22.88
21/02/2024 6:59;81.76;26.77
21/02/2024 7:59;59.96;22.37
21/02/2024 8:59;47.77;21.3
21/02/2024 9:59;21.91;9.98
21/02/2024 10:59;7.2;3.83
21/02/2024 11:59;8.9;4.53
21/02/2024 12:59;7.84;4.64
21/02/2024 13:59;8.72;5.16
21/02/2024 14:59;8.74;4.93
21/02/2024 15:59;8.86;5.14
21/02/2024 16:59;8.88;5.29
21/02/2024 17:59;11.94;6.2
21/02/2024 18:59;13.19;7.48
21/02/2024 19:59;14.19;6.74
21/02/2024 20:59;12.13;6.03
21/02/2024 21:59;20.33;7.93
21/02/2024 22:59;40.18;12.23
21/02/2024 23:59;22.88;8.6
22/02/2024 0:59;18.52;9.01
22/02/2024 1:59;31.88;14.61
22/02/2024 2:59;26.09;12.79
22/02/2024 3:59;26.47;11.41
22/02/2024 4:59;43.56;15.82
22/02/2024 5:59;72.0;25.36
22/02/2024 6:59;72.09;29.13
22/02/2024 7:59;57.34;26.2
22/02/2024 8:59;42.38;19.98
22/02/2024 9:59;17.13;7.61
22/02/2024 10:59;5.04;1.34
22/02/2024 11:59;3.76;1.47
22/02/2024 12:59;4.29;1.63
22/02/2024 13:59;4.55;1.78
22/02/2024 14:59;5.47;2.27
22/02/2024 15:59;5.04;2.27
22/02/2024 16:59;5.85;2.47
22/02/2024 17:59;5.24;2.2
22/02/2024 18:59;13.15;4.12
22/02/2024 19:59;14.01;4.38
22/02/2024 20:59;8.42;3.48
22/02/2024 21:59;9.63;3.69
22/02/2024 22:59;9.31;3.94
22/02/2024 23:59;8.38;4.02
23/02/2024 0:59;8.04;4.04
23/02/2024 1:59;8.28;4.03
23/02/2024 2:59;7.39;4.19
23/02/2024 3:59;7.8;4.62
23/02/2024 4:59;16.25;6.8
23/02/2024 5:59;31.29;10.55
23/02/2024 6:59;67.51;20.55
23/02/2024 7:59;49.41;18.18
23/02/2024 8:59;27.01;11.19
23/02/2024 9:59;15.7;6.58
23/02/2024 10:59;11.44;4.31
23/02/2024 11:59;9.95;3.88
23/02/2024 12:59;11.57;4.44
23/02/2024 13:59;14.31;5.71
23/02/2024 14:59;11.62;5.6
23/02/2024 15:59;11.47;5.7
23/02/2024 16:59;12.95;6.44
23/02/2024 17:59;15.54;7.27
23/02/2024 18:59;21.76;9.48
23/02/2024 19:59;24.65;9.77
23/02/2024 20:59;19.24;8.57
23/02/2024 21:59;25.54;10.16
23/02/2024 22:59;21.54;9.95
23/02/2024 23:59;30.47;14.2
24/02/2024 0:59;31.47;13.76
24/02/2024 1:59;30.41;13.97
24/02/2024 2:59;28.71;13.09
24/02/2024 3:59;29.28;13.07
24/02/2024 4:59;27.24;14.0
24/02/2024 5:59;29.42;16.59
24/02/2024 6:59;56.09;20.28
24/02/2024 7:59;42.53;19.72
24/02/2024 8:59;31.02;15.71
24/02/2024 9:59;20.07;10.69
24/02/2024 10:59;17.34;9.6
24/02/2024 11:59;15.88;8.7
24/02/2024 12:59;12.74;6.84
24/02/2024 13:59;15.9;8.84
24/02/2024 14:59;16.46;9.95
24/02/2024 15:59;15.07;10.36
24/02/2024 16:59;14.74;9.02
24/02/2024 17:59;17.59;9.98
24/02/2024 18:59;15.93;10.96
24/02/2024 19:59;19.44;14.35
24/02/2024 20:59;17.62;11.64
24/02/2024 21:59;18.88;12.7
24/02/2024 22:59;17.01;11.83
24/02/2024 23:59;18.1;12.02
25/02/2024 0:59;18.33;11.43
25/02/2024 1:59;20.31;13.68
25/02/2024 2:59;26.63;19.72
25/02/2024 3:59;28.09;23.47
25/02/2024 4:59;26.36;21.08
25/02/2024 5:59;27.82;21.89
25/02/2024 6:59;38.72;26.83
25/02/2024 7:59;36.5;27.37
25/02/2024 8:59;23.77;18.0
25/02/2024 9:59;14.16;10.02
25/02/2024 10:59;9.08;6.34
25/02/2024 11:59;9.07;6.66
25/02/2024 12:59;11.05;7.54
25/02/2024 13:59;11.6;7.87
25/02/2024 14:59;12.81;8.47
25/02/2024 15:59;14.83;9.37
25/02/2024 16:59;13.22;9.74
25/02/2024 17:59;12.22;9.97
25/02/2024 18:59;15.21;9.34
25/02/2024 19:59;18.11;11.49
25/02/2024 20:59;17.07;11.31
25/02/2024 21:59;22.82;14.47
25/02/2024 22:59;21.58;13.78
25/02/2024 23:59;17.56;12.77
26/02/2024 0:59;15.05;11.18
26/02/2024 1:59;15.4;12.19
26/02/2024 2:59;18.31;13.26
26/02/2024 3:59;22.18;16.09
26/02/2024 4:59;25.62;16.87
26/02/2024 5:59;39.14;21.22
26/02/2024 6:59;39.02;21.61
26/02/2024 7:59;36.9;24.68
26/02/2024 8:59;25.29;15.57
26/02/2024 9:59;18.99;12.14
26/02/2024 10:59;15.15;9.5
26/02/2024 11:59;14.52;9.45
26/02/2024 12:59;14.56;9.21
26/02/2024 13:59;15.4;9.52
26/02/2024 14:59;14.15;9.04
26/02/2024 15:59;13.46;9.03
26/02/2024 16:59;13.61;8.77
26/02/2024 17:59;19.27;10.18
26/02/2024 18:59;22.13;12.56
26/02/2024 19:59;24.47;13.36
26/02/2024 20:59;22.98;14.43
26/02/2024 21:59;26.47;16.35
26/02/2024 22:59;25.07;17.71
26/02/2024 23:59;23.87;17.94
27/02/2024 0:59;23.58;17.22
27/02/2024 1:59;20.6;14.62
27/02/2024 2:59;19.8;13.65
27/02/2024 3:59;24.68;15.64
27/02/2024 4:59;24.79;14.92
27/02/2024 5:59;30.22;17.05
27/02/2024 6:59;52.55;21.99
27/02/2024 7:59;34.47;18.14
27/02/2024 8:59;32.66;16.73
27/02/2024 9:59;23.59;14.17
27/02/2024 10:59;19.78;12.58
27/02/2024 11:59;20.19;12.1
27/02/2024 12:59;17.71;11.31
27/02/2024 13:59;19.39;11.72
27/02/2024 14:59;22.19;15.05
27/02/2024 15:59;15.27;12.05
27/02/2024 16:59;21.53;16.75
27/02/2024 17:59;20.85;15.46
27/02/2024 18:59;16.45;13.64
27/02/2024 19:59;16.28;13.25
27/02/2024 20:59;20.38;14.58
27/02/2024 21:59;30.85;19.8
27/02/2024 22:59;26.62;18.49
27/02/2024 23:59;25.48;18.99
28/02/2024 0:59;27.73;21.16
28/02/2024 1:59;29.06;21.0
28/02/2024 2:59;30.23;21.32
28/02/2024 3:59;22.57;16.5
28/02/2024 4:59;21.64;12.44
28/02/2024 5:59;31.06;15.39
28/02/2024 6:59;23.69;11.65
28/02/2024 7:59;17.42;9.76
28/02/2024 8:59;15.71;9.23
28/02/2024 9:59;12.01;7.3
28/02/2024 10:59;10.49;6.62
28/02/2024 11:59;12.1;8.41
28/02/2024 12:59;14.16;9.76
28/02/2024 13:59;14.1;9.12
28/02/2024 15:59;16.54;11.78
28/02/2024 16:59;20.57;14.03
28/02/2024 17:59;30.05;17.06
28/02/2024 18:59;20.45;13.02
28/02/2024 19:59;22.59;13.44
28/02/2024 20:59;26.69;15.86
28/02/2024 21:59;26.15;16.21
28/02/2024 22:59;25.49;16.09
